login,password
SkyWalker001,t2f1215cf8c1a4b406f1cf5f9bd8899b1
PixelHunter2,31dafdce5012837e90afafa07f4425d15
CodeNinja_42,fdb2d5692a32a6382b33a5386292b7e3
StarDust_Galaxy,315f4c4afed961ff80534975815f9b93
a,38e29a639a14c1ea7c5e31f1970ceced
b,bf713ab423c8074b31aa9b487a99ef7a
c,b3b3890ef42ce686ebe3466ae7ded11d
d,71b679dad9f8335ba589565351377b31
e,13ff18d55253a5c0723de451f85360ba
f,fb31eaa9f594525579a3bb49d6ef06e9
g,a190be291028c6c1bfdd0e5587fcd06a
h,d342939b4051598a01b51f7ff2b7c5f8
i,8613c80f44972d9d329fd029dfa58f7d
j,4daaa53c14dd3f28a18de545c1c5520e
k,3e7e945a9eaac3e0e99ff97a5dde215f
l,c33e9a2527f720333f02b67ba4e2a6e4
m,02a78bb4546f81b844aa46cf4ffb6ed7
n,6eeb5431bd61778e8c2950d128704506
o,4ed3ea63b05e92d1ab67c31941163c32
p,7d4a350b0281b950c482852507bd6fc0
r,da832a9fa417022e49fa6e0557cc917f
s,26428685498e2f6e5f0637d8a947663f
t,7eee6696e70d98d25d6f21800cd1a9fc
u,07caca02f543c403998b2533c0ee645b
q,ad1c64252b7ccf005981651925c17177
w,94454b1241ad2cfbd0c44efda1b6b6ba
x,63a7a2658bb6ee33ac96de3910154244
y,817becdd976ef9904e546c20593d4f42
z,5bbcd8f2744dd1519676e988370fcef3
รณ,139cf90989a6dab905d99b9eb9a06c53
